ID,ACCESO
1,PRIVADO
2,PRIVADO
3,PUBLICO
4,PRIVADO
5,PRIVADO
6,PRIVADO
7,PRIVADO
8,PRIVADO
9,PRIVADO
10,PRIVADO
11,PRIVADO
12,PRIVADO
13,PRIVADO
14,PRIVADO
15,PRIVADO
16,PRIVADO
17,PRIVADO
18,PRIVADO
19,PRIVADO
20,PRIVADO
21,PRIVADO
22,PRIVADO
23,PRIVADO
24,PRIVADO
25,PRIVADO
26,PRIVADO
27,PRIVADO
28,PRIVADO
29,PRIVADO
30,PRIVADO
31,PRIVADO
32,PRIVADO
33,PRIVADO
34,PRIVADO
35,PRIVADO
36,PRIVADO
37,PRIVADO
38,PRIVADO
39,PUBLICO
40,PRIVADO
41,PRIVADO
42,PRIVADO
43,PRIVADO
44,PUBLICO
45,PRIVADO
46,PRIVADO
47,PRIVADO
48,PRIVADO
49,PRIVADO
50,PRIVADO
51,PRIVADO
52,PRIVADO
53,PRIVADO
54,PRIVADO
55,PRIVADO
56,PRIVADO
57,PRIVADO
58,PRIVADO
59,PRIVADO
60,PRIVADO
61,PRIVADO
62,PRIVADO
63,PRIVADO
64,PRIVADO
65,PRIVADO
66,PRIVADO
67,PRIVADO
68,PRIVADO
69,PRIVADO
70,PRIVADO
71,PRIVADO
72,PRIVADO
73,PRIVADO
74,PRIVADO
75,PRIVADO
76,PRIVADO
77,PRIVADO
78,PRIVADO
79,PRIVADO
80,PRIVADO
81,PRIVADO
82,PRIVADO
83,PRIVADO
84,PRIVADO
85,PRIVADO
86,PRIVADO
87,PRIVADO
88,PRIVADO
89,PRIVADO
90,PRIVADO
91,PRIVADO
92,PRIVADO
93,PRIVADO
94,PRIVADO
95,PRIVADO
96,PUBLICO
97,PRIVADO
98,PRIVADO
99,PRIVADO
100,PUBLICO
101,PRIVADO
102,PRIVADO
103,PRIVADO
104,PRIVADO
105,PRIVADO
106,PRIVADO
107,PRIVADO
108,PRIVADO
109,PRIVADO
110,PRIVADO
111,PRIVADO
112,PRIVADO
113,PRIVADO
114,PRIVADO
115,PRIVADO
116,PRIVADO
117,PRIVADO
118,PRIVADO
119,PRIVADO
120,PRIVADO
121,PRIVADO
122,PRIVADO
123,PRIVADO
124,PRIVADO
125,PRIVADO
126,PRIVADO
127,PRIVADO
128,PRIVADO
129,PRIVADO
130,PRIVADO
131,PRIVADO
132,PRIVADO
133,PRIVADO
134,PRIVADO
135,PRIVADO
136,PRIVADO
137,PRIVADO
138,PRIVADO
139,PRIVADO
140,PRIVADO
141,PRIVADO
142,PRIVADO
143,PRIVADO
144,PRIVADO
145,PRIVADO
146,PRIVADO
147,PRIVADO
148,PRIVADO
149,PRIVADO
150,PRIVADO
151,PRIVADO
152,PRIVADO
153,PRIVADO
154,PRIVADO
155,PRIVADO
156,PRIVADO
157,PRIVADO
158,PRIVADO
159,PRIVADO
160,PRIVADO
161,PRIVADO
162,PRIVADO
163,PRIVADO
164,PRIVADO
165,PRIVADO
166,PRIVADO
167,PRIVADO
168,PRIVADO
169,PRIVADO
170,PRIVADO
171,PRIVADO
172,PRIVADO
173,PRIVADO
174,PRIVADO
175,PRIVADO
176,PRIVADO
177,PRIVADO
178,PRIVADO
179,PRIVADO
180,PRIVADO
181,PRIVADO
182,PRIVADO
183,PRIVADO
184,PRIVADO
185,PRIVADO
186,PRIVADO
187,PRIVADO
188,PRIVADO
189,PRIVADO
190,PRIVADO
191,PRIVADO
192,PRIVADO
193,PRIVADO
194,PRIVADO
195,PRIVADO
196,PRIVADO
197,PRIVADO
198,PRIVADO
199,PRIVADO
200,PRIVADO
201,PRIVADO
202,PRIVADO
203,PRIVADO
204,PRIVADO
205,PRIVADO
206,PRIVADO
207,PRIVADO
208,PRIVADO
209,PRIVADO
210,PRIVADO
211,PRIVADO
212,PRIVADO
213,PRIVADO
214,PRIVADO
215,PRIVADO
216,PRIVADO
217,PRIVADO
218,PRIVADO
219,PRIVADO
220,PRIVADO
221,PRIVADO
222,PRIVADO
223,PRIVADO
224,PRIVADO
225,PRIVADO
226,PRIVADO
227,PRIVADO
228,PRIVADO
229,PRIVADO
230,PRIVADO
231,PRIVADO
232,PRIVADO
233,PRIVADO
234,PRIVADO
235,PRIVADO
236,PRIVADO
237,PRIVADO
238,PRIVADO
239,PRIVADO
240,PRIVADO
241,PRIVADO
242,PRIVADO
243,PRIVADO
244,PRIVADO
245,PRIVADO
246,PRIVADO
247,PRIVADO
248,PRIVADO
249,PRIVADO
250,PRIVADO
251,PRIVADO
252,PRIVADO
253,PRIVADO
254,PRIVADO
255,PRIVADO
256,PRIVADO
257,PRIVADO
258,PRIVADO
259,PRIVADO
260,PRIVADO
261,PRIVADO
262,PRIVADO
263,PRIVADO
264,PRIVADO
265,PRIVADO
266,PRIVADO
267,PRIVADO
268,PRIVADO
269,PRIVADO
270,PRIVADO
271,PRIVADO
272,PRIVADO
273,PRIVADO
274,PRIVADO
275,PRIVADO
276,PRIVADO
277,PRIVADO
278,PRIVADO
279,PRIVADO
280,PRIVADO
281,PRIVADO
282,PRIVADO
283,PRIVADO
284,PRIVADO
285,PRIVADO
286,PRIVADO
287,PRIVADO
288,PRIVADO
289,PRIVADO
290,PRIVADO
291,PRIVADO
292,PRIVADO
293,PRIVADO
294,PRIVADO
295,PRIVADO
296,PRIVADO
297,PRIVADO
298,PRIVADO
299,PRIVADO
300,PRIVADO
301,PRIVADO
302,PRIVADO
303,PRIVADO
304,PRIVADO
305,PRIVADO
306,PRIVADO
307,PRIVADO
308,PRIVADO
309,PRIVADO
310,PRIVADO
311,PRIVADO
312,PRIVADO
313,PRIVADO
314,PRIVADO
315,PRIVADO
316,PRIVADO
317,PRIVADO
318,PRIVADO
319,PRIVADO
320,PRIVADO
321,PRIVADO
322,PRIVADO
323,PRIVADO
324,PRIVADO
325,PRIVADO
326,PRIVADO
327,PRIVADO
328,PRIVADO
329,PRIVADO
330,PRIVADO
331,PRIVADO
332,PRIVADO
333,PRIVADO
334,PRIVADO
335,PRIVADO
336,PRIVADO
337,PRIVADO
338,PRIVADO
339,PRIVADO
340,PRIVADO
341,PRIVADO
342,PRIVADO
343,PRIVADO
344,PRIVADO
345,PRIVADO
346,PRIVADO
347,PRIVADO
348,PRIVADO
349,PRIVADO
350,PRIVADO
351,PRIVADO
352,PRIVADO
353,PRIVADO
354,PRIVADO
355,PRIVADO
356,PRIVADO
357,PUBLICO
358,PRIVADO
359,PRIVADO
360,PRIVADO
361,PUBLICO
362,PRIVADO
363,PRIVADO
364,PRIVADO
365,PRIVADO
366,PRIVADO
367,PRIVADO
368,PRIVADO
369,PRIVADO
370,PRIVADO
371,PRIVADO
372,PRIVADO
373,PRIVADO
374,PRIVADO
375,PRIVADO
376,PRIVADO
377,PRIVADO
378,PRIVADO
379,PRIVADO
380,PRIVADO
381,PRIVADO
382,PRIVADO
383,PRIVADO
384,PRIVADO
385,PRIVADO
386,PRIVADO
387,PRIVADO
388,PRIVADO
389,PRIVADO
390,PRIVADO
391,PRIVADO
392,PRIVADO
393,PRIVADO
394,PRIVADO
395,PRIVADO
396,PRIVADO
397,PRIVADO
398,PUBLICO
399,PRIVADO
400,PRIVADO
401,PRIVADO
402,PRIVADO
403,PRIVADO
404,PRIVADO
405,PRIVADO
406,PRIVADO
407,PRIVADO
408,PRIVADO
409,PRIVADO
410,PRIVADO
411,PRIVADO
412,PRIVADO
413,PRIVADO
414,PRIVADO
415,PRIVADO
416,PRIVADO
417,PRIVADO
418,PRIVADO
419,PRIVADO
420,PRIVADO
421,PRIVADO
422,PRIVADO
423,PRIVADO
424,PRIVADO
425,PRIVADO
426,PRIVADO
427,PRIVADO
428,PRIVADO
429,PRIVADO
430,PRIVADO
431,PRIVADO
432,PUBLICO
433,PRIVADO
434,PRIVADO
435,PRIVADO
436,PRIVADO
437,PRIVADO
438,PRIVADO
439,PRIVADO
440,PUBLICO
441,PUBLICO
442,PRIVADO
443,PRIVADO
444,PRIVADO
445,PRIVADO
446,PRIVADO
447,PRIVADO
448,PRIVADO
449,PRIVADO
450,PRIVADO
451,PRIVADO
452,PRIVADO
453,PRIVADO
454,PRIVADO
455,PRIVADO
456,PRIVADO
457,PRIVADO
458,PRIVADO
459,PRIVADO
460,PRIVADO
461,PRIVADO
462,PRIVADO
463,PRIVADO
464,PRIVADO
465,PRIVADO
466,PRIVADO
467,PRIVADO
468,PRIVADO
469,PRIVADO
470,PRIVADO
471,PRIVADO
472,PRIVADO
473,PRIVADO
474,PRIVADO
475,PRIVADO
476,PRIVADO
477,PRIVADO
478,PRIVADO
479,PRIVADO
480,PRIVADO
481,PRIVADO
482,PRIVADO
483,PRIVADO
484,PRIVADO
485,PRIVADO
486,PRIVADO
487,PRIVADO
488,PRIVADO
489,PRIVADO
490,PRIVADO
491,PRIVADO
492,PRIVADO
493,PRIVADO
494,PRIVADO
495,PRIVADO
496,PRIVADO
497,PRIVADO
498,PRIVADO
499,PRIVADO
500,PRIVADO
501,PRIVADO
502,PRIVADO
503,PRIVADO
504,PRIVADO
505,PRIVADO
506,PRIVADO
507,PRIVADO
508,PRIVADO
509,PRIVADO
510,PRIVADO
511,PRIVADO
512,PRIVADO
513,PRIVADO
514,PRIVADO
515,PRIVADO
516,PRIVADO
517,PRIVADO
518,PRIVADO
519,PRIVADO
520,PRIVADO
521,PRIVADO
522,PRIVADO
523,PRIVADO
524,PRIVADO
525,PRIVADO
526,PRIVADO
527,PRIVADO
528,PRIVADO
529,PRIVADO
530,PRIVADO
531,PRIVADO
532,PRIVADO
533,PRIVADO
534,PUBLICO
535,PRIVADO
536,PRIVADO
537,PRIVADO
538,PRIVADO
539,PRIVADO
540,PRIVADO
541,PRIVADO
542,PRIVADO
543,PRIVADO
544,PRIVADO
545,PRIVADO
546,PRIVADO
547,PRIVADO
548,PRIVADO
549,PRIVADO
550,PRIVADO
551,PRIVADO
552,PRIVADO
553,PRIVADO
554,PRIVADO
555,PRIVADO
556,PRIVADO
557,PRIVADO
558,PRIVADO
559,PRIVADO
560,PRIVADO
561,PRIVADO
562,PRIVADO
563,PRIVADO
564,PRIVADO
565,PRIVADO
566,PRIVADO
567,PRIVADO
568,PRIVADO
569,PRIVADO
570,PRIVADO
571,PRIVADO
572,PRIVADO
573,PRIVADO
574,PRIVADO
575,PRIVADO
576,PRIVADO
577,PRIVADO
578,PRIVADO
579,PRIVADO
580,PRIVADO
581,PRIVADO
582,PRIVADO
583,PRIVADO
584,PRIVADO
585,PRIVADO
586,PRIVADO
587,PRIVADO
588,PRIVADO
589,PRIVADO
590,PRIVADO
591,PRIVADO
592,PRIVADO
593,PRIVADO
594,PRIVADO
595,PRIVADO
596,PRIVADO
597,PRIVADO
598,PRIVADO
599,PRIVADO
600,PRIVADO
601,PRIVADO
602,PRIVADO
603,PRIVADO
604,PRIVADO
605,PRIVADO
606,PRIVADO
607,PRIVADO
608,PRIVADO
609,PRIVADO
610,PRIVADO
611,PRIVADO
612,PRIVADO
613,PRIVADO
614,PRIVADO
615,PRIVADO
616,PRIVADO
617,PRIVADO
618,PRIVADO
619,PRIVADO
620,PRIVADO
621,PRIVADO
622,PRIVADO
623,PRIVADO
624,PRIVADO
625,PRIVADO
626,PRIVADO
627,PRIVADO
628,PRIVADO
629,PRIVADO
630,PRIVADO
631,PRIVADO
632,PRIVADO
633,PRIVADO
634,PRIVADO
635,PRIVADO
636,PRIVADO
637,PRIVADO
638,PRIVADO
639,PRIVADO
640,PRIVADO
641,PRIVADO
642,PRIVADO
643,PRIVADO
644,PRIVADO
645,PRIVADO
646,PRIVADO
647,PRIVADO
648,PRIVADO
649,PRIVADO
650,PRIVADO
651,PRIVADO
652,PRIVADO
653,PRIVADO
654,PRIVADO
655,PRIVADO
656,PRIVADO
657,PRIVADO
658,PRIVADO
659,PRIVADO
660,PRIVADO
661,PRIVADO
662,PRIVADO
663,PRIVADO
664,PRIVADO
665,PRIVADO
666,PRIVADO
667,PRIVADO
668,PRIVADO
669,PRIVADO
670,PRIVADO
671,PRIVADO
672,PRIVADO
673,PRIVADO
674,PRIVADO
675,PRIVADO
676,PRIVADO
677,PRIVADO
678,PRIVADO
679,PRIVADO
680,PRIVADO
681,PRIVADO
682,PRIVADO
683,PRIVADO
684,PRIVADO
685,PRIVADO
686,PRIVADO
687,PRIVADO
688,PRIVADO
689,PRIVADO
690,PRIVADO
691,PRIVADO
692,PRIVADO
693,PRIVADO
694,PRIVADO
695,PRIVADO
696,PRIVADO
697,PRIVADO
698,PRIVADO
699,PRIVADO
700,PRIVADO
701,PRIVADO
702,PRIVADO
703,PRIVADO
704,PRIVADO
705,PRIVADO
706,PRIVADO
707,PRIVADO
708,PRIVADO
709,PRIVADO
710,PRIVADO
711,PRIVADO
712,PRIVADO
713,PRIVADO
714,PRIVADO
715,PRIVADO
716,PRIVADO
717,PRIVADO
718,PRIVADO
719,PRIVADO
720,PRIVADO
721,PRIVADO
722,PRIVADO
723,PRIVADO
724,PRIVADO
725,PRIVADO
726,PRIVADO
727,PRIVADO
728,PRIVADO
729,PRIVADO
730,PRIVADO
731,PRIVADO
732,PRIVADO
733,PRIVADO
734,PRIVADO
735,PRIVADO
736,PRIVADO
737,PRIVADO
738,PRIVADO
739,PRIVADO
740,PRIVADO
741,PRIVADO
742,PRIVADO
743,PRIVADO
744,PRIVADO
745,PRIVADO
746,PRIVADO
747,PRIVADO
748,PRIVADO
749,PRIVADO
750,PRIVADO
751,PRIVADO
752,PRIVADO
753,PRIVADO
754,PRIVADO
755,PRIVADO
756,PRIVADO
757,PRIVADO
758,PRIVADO
759,PRIVADO
760,PRIVADO
761,PRIVADO
762,PRIVADO
763,PRIVADO
764,PRIVADO
765,PRIVADO
766,PRIVADO
767,PRIVADO
768,PRIVADO
769,PRIVADO
770,PRIVADO
771,PRIVADO
772,PRIVADO
773,PRIVADO
774,PRIVADO
775,PRIVADO
776,PRIVADO
777,PRIVADO
778,PRIVADO
779,PRIVADO
780,PRIVADO
781,PRIVADO
782,PRIVADO
783,PRIVADO
784,PRIVADO
785,PRIVADO
786,PRIVADO
787,PRIVADO
788,PRIVADO
789,PRIVADO
790,PRIVADO
791,PRIVADO
792,PRIVADO
793,PRIVADO
794,PRIVADO
795,PRIVADO
796,PRIVADO
797,PRIVADO
798,PRIVADO
799,PRIVADO
800,PRIVADO
801,PRIVADO
802,PRIVADO
803,PRIVADO
804,PRIVADO
805,PRIVADO
806,PRIVADO
807,PRIVADO
808,PRIVADO
809,PRIVADO
810,PRIVADO
811,PRIVADO
812,PRIVADO
813,PRIVADO
814,PRIVADO
815,PRIVADO
816,PRIVADO
817,PRIVADO
818,PRIVADO
819,PRIVADO
820,PRIVADO
821,PRIVADO
822,PRIVADO
823,PRIVADO
824,PRIVADO
825,PRIVADO
826,PRIVADO
827,PRIVADO
828,PRIVADO
829,PRIVADO
830,PRIVADO
831,PUBLICO
832,PRIVADO
833,PRIVADO
834,PRIVADO
835,PRIVADO
836,PRIVADO
837,PRIVADO
838,PRIVADO
839,PRIVADO
840,PRIVADO
841,PRIVADO
842,PRIVADO
843,PRIVADO
844,PRIVADO
845,PRIVADO
846,PRIVADO
847,PRIVADO
848,PRIVADO
849,PRIVADO
850,PRIVADO
851,PRIVADO
852,PRIVADO
853,PRIVADO
854,PRIVADO
855,PRIVADO
856,PRIVADO
857,PRIVADO
858,PRIVADO
859,PRIVADO
860,PRIVADO
861,PRIVADO
862,PRIVADO
863,PRIVADO
864,PRIVADO
865,PRIVADO
866,PRIVADO
867,PRIVADO
868,PRIVADO
869,PRIVADO
870,PUBLICO
871,PRIVADO
872,PRIVADO
873,PRIVADO
874,PRIVADO
875,PRIVADO
876,PRIVADO
877,PRIVADO
878,PRIVADO
879,PRIVADO
880,PRIVADO
881,PRIVADO
882,PRIVADO
883,PRIVADO
884,PRIVADO
885,PRIVADO
886,PRIVADO
887,PRIVADO
888,PRIVADO
889,PRIVADO
890,PRIVADO
891,PRIVADO
892,PRIVADO
893,PRIVADO
894,PRIVADO
895,PRIVADO
896,PRIVADO
897,PRIVADO
898,PRIVADO
899,PRIVADO
900,PRIVADO
901,PRIVADO
902,PRIVADO
903,PRIVADO
904,PRIVADO
905,PRIVADO
906,PRIVADO
907,PRIVADO
908,PRIVADO
909,PRIVADO
910,PRIVADO
911,PRIVADO
912,PRIVADO
913,PRIVADO
914,PRIVADO
915,PRIVADO
916,PRIVADO
917,PRIVADO
918,PRIVADO
919,PRIVADO
920,PRIVADO
921,PRIVADO
922,PRIVADO
923,PRIVADO
924,PRIVADO
925,PRIVADO
926,PRIVADO
927,PRIVADO
928,PRIVADO
929,PRIVADO
930,PRIVADO
931,PRIVADO
932,PRIVADO
933,PRIVADO
934,PRIVADO
935,PRIVADO
936,PRIVADO
937,PRIVADO
938,PRIVADO
939,PRIVADO
940,PRIVADO
941,PRIVADO
942,PRIVADO
943,PRIVADO
944,PRIVADO
945,PRIVADO
946,PRIVADO
947,PRIVADO
948,PRIVADO
949,PRIVADO
950,PRIVADO
951,PRIVADO
952,PRIVADO
953,PRIVADO
954,PRIVADO
955,PRIVADO
956,PRIVADO
957,PRIVADO
958,PRIVADO
959,PRIVADO
960,PRIVADO
961,PRIVADO
962,PRIVADO
963,PRIVADO
964,PRIVADO
965,PRIVADO
966,PRIVADO
967,PRIVADO
968,PRIVADO
969,PRIVADO
970,PRIVADO
971,PRIVADO
972,PRIVADO
973,PRIVADO
974,PRIVADO
975,PRIVADO
976,PRIVADO
977,PRIVADO
978,PRIVADO
979,PRIVADO
980,PRIVADO
981,PRIVADO
982,PRIVADO
983,PRIVADO
984,PRIVADO
985,PRIVADO
986,PRIVADO
987,PRIVADO
988,PRIVADO
989,PRIVADO
990,PRIVADO
991,PRIVADO
992,PRIVADO
993,PRIVADO
994,PRIVADO
995,PRIVADO
996,PRIVADO
997,PRIVADO
998,PRIVADO
999,PRIVADO
1000,PRIVADO
1001,PRIVADO
1002,PRIVADO
1003,PRIVADO
1004,PRIVADO
1005,PRIVADO
1006,PRIVADO
1007,PRIVADO
1008,PRIVADO
1009,PRIVADO
1010,PRIVADO
1011,PRIVADO
1012,PRIVADO
1013,PRIVADO
1014,PRIVADO
1015,PRIVADO
1016,PRIVADO
1017,PRIVADO
1018,PRIVADO
1019,PRIVADO
1020,PRIVADO
1021,PRIVADO
1022,PRIVADO
1023,PRIVADO
1024,PRIVADO
1025,PRIVADO
1026,PRIVADO
1027,PRIVADO
1028,PRIVADO
1029,PRIVADO
1030,PRIVADO
1031,PRIVADO
1032,PRIVADO
1033,PRIVADO
1034,PRIVADO
1035,PRIVADO
1036,PRIVADO
1037,PRIVADO
1038,PRIVADO
1039,PRIVADO
1040,PRIVADO
1041,PRIVADO
1042,PRIVADO
1043,PRIVADO
1044,PRIVADO
1045,PRIVADO
1046,PRIVADO
